postUrl,action,sharedPostUrl,type,imgUrl,postContent,likeCount,commentCount,postDate,profileUrl,timestamp,videoUrl,sharedPostCompanyUrl,error,sharedPostProfileUrl,repostCount,sharedJobUrl
https://www.linkedin.com/feed/update/urn:li:activity:7051572862419132416,Post,https://www.summitpartners.com/news/doctrine-receives-growth-investment-from-summit-partners-to-build-leader-in-ai-powered-legal-intelligence,Article,https://media.licdn.com/dms/image/sync/D4E27AQH00NnXq8q14g/articleshare-shrink_800/0/1686072913290?e=1687176000&v=beta&t=hhsy1DjkA9VbYQDOuW2pueBwemrvMNGsRZNEmpww9eU,üî• It's always day 1,14,0,2mo,https://www.linkedin.com/in/kamil-debbagh,2023-06-12T11:49:14.984Z,,,,,,
https://www.linkedin.com/feed/update/urn:li:activity:7048624963628478465,Post,,Image,https://media.licdn.com/dms/image/D4E22AQHM_PN8EaRTGQ/feedshare-shrink_800/0/1680523147293?e=1689206400&v=beta&t=fIPRjCCt49tYLTWOsQk4UekaTA9sW4HWjW6HnPRlIKA,"Why the pay-it-forward culture is real.A few months ago I decided to repay all the generous internet people who helped me in my life by opening free office hours slots in my calendar for whomever could use my advice.During these office hours I met a dozen cool people from all around the world whom I hope got some value from me.But what's best: two of them, Sana & Dimas, opened their own office hours to help other people. In other words: they paid it forward.It's awesome to see how a micro action from my end could lead to this tiny trend.I think the pay-it-forward culture is key to nurture a global community of ambitious creators: I can only hope the movement will grow bigger with time!When are you opening your own office hours? :)",25,4,2mo,https://www.linkedin.com/in/kamil-debbagh,2023-06-12T11:49:14.984Z,,,,,,
https://www.linkedin.com/feed/update/urn:li:activity:7046167108245671937,Post,,Image,https://media.licdn.com/dms/image/D4E22AQG5_xtH5_SVUw/feedshare-shrink_800/0/1679937149105?e=1689206400&v=beta&t=d8QOj7FFN-WbPt7yajIhwq6-ODj8zysy30vbHa1L9wA,Just splurged ‚Ç¨14 to buy all the lottery tickets the 10yo son of my neighbors was selling door-to-door (very uncommon in France).This little action may be insignificant or somehow fuel him with the confidence to hustle further out of his comfort zone and try bold stuff.Never forget the first business of Warren Buffett was selling bubble gum door-to-door.,25,2,2mo,https://www.linkedin.com/in/kamil-debbagh,2023-06-12T11:49:14.984Z,,,,,,
https://www.linkedin.com/feed/update/urn:li:activity:7042169566361214976,Post,,Video (LinkedIn Source),https://media.licdn.com/dms/image/C4E05AQFtuJ96uGpo7g/feedshare-thumbnail_720_1280/0/1678984033558?e=1687176000&v=beta&t=JN2KhRcp5cdmrNSw1xLcUUHeozG2SWndaR3M59OXv30,üí©Shitty products: users know you‚Äôve skipped the QA when‚Ä¶¬†‚úàÔ∏è,4,1,3mo,https://www.linkedin.com/in/kamil-debbagh,2023-06-12T11:49:14.985Z,https://dms.licdn.com/playlist/vid/C4E05AQFtuJ96uGpo7g/mp4-720p-30fp-crf28/0/1678984055634?e=1687176000&v=beta&t=gixabM1D2RWAaG9H6-1KimxIpS3L4eSGmiM7zq3U4_o,,,,,
https://www.linkedin.com/feed/update/urn:li:activity:7041814800389042177,Post,,Image,https://media.licdn.com/dms/image/C4E22AQED1elJLWZb_g/feedshare-shrink_800/0/1678775576574?e=1689206400&v=beta&t=mH_lRVPWBAr8jy4EOnipZzmcRBtXbulPZjjAIGLoCMI,"Was thrilled to be a member of the Jury of Saclay Pitch Night at CentraleSup√©lec together with Salim Hassad .I‚Äôm so glad to lend my energy to what I wish I could‚Äôve experienced as a student.Congrats to Corentin Bertin, the Start in Saclay team, as well as the winners Tanguy Jardel üéæ‚ôªÔ∏è Alexandre Toudret üéæ‚ôª , this was a top-notch event!",12,1,3mo,https://www.linkedin.com/in/kamil-debbagh,2023-06-12T11:49:14.985Z,,https://www.linkedin.com/company/start-in-saclay/,,,,
https://www.linkedin.com/feed/update/urn:li:activity:7041494183286640640,Post,,Image,https://media.licdn.com/dms/image/C5622AQGC02v43e_DEQ/feedshare-shrink_800/0/1678823037159?e=1689206400&v=beta&t=fnbqkpS-Lzt7Z7rGGiYYAHn3JXQ1ffif5SrvHCCG9YQ,"GPT-4 for law: ""it passes a simulated bar exam with a score around the top 10% of test takers; in contrast, GPT-3.5‚Äôs [i.e. ChatGPT] score was around the bottom 10%.‚ÄùPhilippe Milinkovic",22,2,3mo,https://www.linkedin.com/in/kamil-debbagh,2023-06-12T11:49:14.985Z,,,,,,
https://www.linkedin.com/feed/update/urn:li:activity:7041405785406361600,Post,,Text,,"Just when I thought I finally knew it all about a feature we were designing, Hugo J., a brilliant tax trainee lawyer, amazed me during our user interview with his original insights that we had never gotten before, despite a dozen of previous interviews on the exact same topic.Reminder for myself: when you've reached a plateau through user interviews, you haven't learned it all (yet): if you keep stirring the pot, you'll unearth these rare gems that differentiate average products from products that go above and beyond.",17,1,3mo,https://www.linkedin.com/in/kamil-debbagh,2023-06-12T11:49:14.986Z,,,,,,
https://www.linkedin.com/feed/update/urn:li:activity:7041060658376790018,Post,,Image,https://media.licdn.com/dms/image/C4E22AQF6pfHiUeumKQ/feedshare-shrink_800/0/1678719676194?e=1689206400&v=beta&t=YWM-XYJalI8iSLKQ-xMi4mErl2QfqYEPl7HQErR-Bto,"I find all these ""I've read 100 books on X"" posts suspect.I don't know about you but it takes me months to read and digest a substantial book.The aim of non-fiction reading is to improve your mastery of a given topic, not skimming through readings to claim a ""100 books"" medal.Read -> Take notes -> Re-read, organize and summarize notes -> Try to apply learnings. Keep at it for months and get the reps in for 1 single book.That's my recipe to master a topic.A good book is a source of power: you can extract 1% of power out of it and go half-ass the next book in line, or do the actual hard work of extracting the other 99% out of it.Pick your team.",14,1,3mo,https://www.linkedin.com/in/kamil-debbagh,2023-06-12T11:49:14.986Z,,,,,,
https://www.linkedin.com/feed/update/urn:li:activity:7034447543698644992,Post,,Image,https://media.licdn.com/dms/image/C4E22AQHD9Wf14KYWBg/feedshare-shrink_800/0/1677078063245?e=1689206400&v=beta&t=uw6oukSq-BJkEyhX451ttLVDctCGb3M8uNUyAK-mlGQ,"Had a blast teaching √âcole Polytechnique students last week on Product Management for founders.Preventing wildfires, generating energy from biowaste, using plant walls to grow food, ‚Ä¶As someone from the world of bits, I‚Äôm always impressed by makers from the world of atoms, who have both the ambition and skills to make things happen.Thank you for having me Antoine SOUCHAUD, HDR, PhD, CPA!",32,2,3mo,https://www.linkedin.com/in/kamil-debbagh,2023-06-12T11:49:14.986Z,,https://www.linkedin.com/company/doctrine/,,,,
https://www.linkedin.com/feed/update/urn:li:activity:7032357653620129792,Post,,Text,,Product is about happiness.,6,0,4mo,https://www.linkedin.com/in/kamil-debbagh,2023-06-12T11:49:14.986Z,,,,,,
,,,,,,,,,"https://www.linkedin.com/sales/lead/ACwAAAFdcRsBlBMKRbs6nSs4KZssUISKsuSXsVo,NAME_SEARCH,s2lZ",2023-06-12T18:04:53.964Z,,,No results found,,,
https://www.linkedin.com/feed/update/urn:li:activity:7071357477551771648,Ziad Khan reposted this,,Image,https://media.licdn.com/dms/image/D4D22AQFfCSNupklLKg/feedshare-shrink_800/0/1685942999957?e=1689206400&v=beta&t=blbT1EHqQfsDnE6kvyrCz1icH1HYcK2I1fiJR-RYb0o,"Last year, your Qurbani reached 82,000 families in #Pakistan. Our largest distribution yet saw us deliver 492,000 kgs of meat, providing hope and sustenance to those who needed it the most. Help #ImranKhan Cancer Appeal reach even more people this year! Book your Qurbani online at https://www.ikca.org.uk or call +44 (0)1274 424 444 during office hours and provide us with the names of those on whose behalf the sacrifice will be carried out. Orders will be accepted up to and on the 8th day of Dhul Hijjah ‚Äì two days before Eid ul-Adha.Thank you for your trust and support over the last 28 years. www.ikca.org.uk",600,8,1w,"https://www.linkedin.com/sales/lead/ACwAAAD_r7UBiCrT549LbxtggKVX5Cqq_MLMli4,NAME_SEARCH,uNCu",2023-06-12T18:01:53.763Z,,,,https://www.linkedin.com/in/imran-khan-ikca,28,
https://www.linkedin.com/feed/update/urn:li:activity:7073590297447788544,Ziad Khan reposted this,,Image,https://media.licdn.com/dms/image/D4E22AQGtMVRLGAc55A/feedshare-shrink_800/0/1686475347098?e=1689206400&v=beta&t=9k5ZNSGqNwT6LVZoytd8jqih4rvmlNz9hMbqbDz728Q,Lest we forget üáµüá∏,62,6,1d,"https://www.linkedin.com/sales/lead/ACwAAAD_r7UBiCrT549LbxtggKVX5Cqq_MLMli4,NAME_SEARCH,uNCu",2023-06-12T18:01:53.763Z,,,,https://www.linkedin.com/in/zeb-iqbal-a093a723b,14,
https://www.linkedin.com/feed/update/urn:li:activity:7073507231895293952,Ziad Khan reposted this,,Video (LinkedIn Source),https://media.licdn.com/dms/image/D4D05AQG2GOlnB-NN6w/videocover-high/0/1686455542407?e=1687201200&v=beta&t=L7GYivDpsVxxnatUbYNdKq_qLuWJk1NgxFVKYNimaCg,"Sing Muhammad Ali:The Black Superman Muhammad Ali, born Cassius Marcellus Clay Jr. on January 17, 1942, in Louisville, Kentucky, was one of the most influential and celebrated boxers in the history of the sport. His impact went far beyond the boxing ring, as he became an icon of social activism and a symbol of resilience and determination.Ali began his boxing journey at the age of 12 when he stepped into a local gym, under the guidance of trainer Joe Martin. His talent quickly became evident as he won his first amateur bout. In 1960, at the age of 18, Ali earned a gold medal in the light heavyweight division at the Rome Olympics, marking his entrance onto the international stage.In 1964, Ali emerged as a prominent figure in the professional boxing world when he faced Sonny Liston for the heavyweight title. Ali, then known as Cassius Clay, displayed his incredible speed and footwork, earning him a surprise victory and making him the new heavyweight champion. It was after this fight that he announced his conversion to Islam and his name change to Muhammad Ali.Ali's boxing career was not without its challenges. In 1967, during the height of the Vietnam War, he refused to be drafted into the military, citing his religious beliefs and opposition to the war. This decision led to his boxing license being revoked, and he was stripped of his titles. Ali spent the following years fighting a legal battle that eventually reached the Supreme Court, which ruled in his favor in 1971, allowing him to return to boxing.Known for his flamboyant personality and witty rhymes, Ali used his platform to express his views on civil rights, racial equality, and social justice. His outspokenness made him both beloved and controversial, but it undeniably solidified his status as a cultural and political figure. Ali's fights against Joe Frazier, particularly the epic ""Fight of the Century"" in 1971, and his ""Rumble in the Jungle"" bout against George Foreman in 1974, where he employed his famous ""rope-a-dope"" strategy, became legendary moments in sports history.Ali retired from boxing in 1981, leaving behind a remarkable legacy. He finished his career with a record of 56 wins (including 37 knockouts) and only 5 losses. Beyond his boxing achievements, Ali's activism and philanthropy continued to inspire people around the world. He was recognized with numerous awards, including the Presidential Medal of Freedom, and his life story was captured in books, documentaries, and films.Muhammad Ali passed away on June 3, 2016, but his impact on boxing and society continues to resonate. He will always be remembered as a true champion inside and outside the ring, who fought not only for his own success but also for the rights and dignity of others.",183,16,1d,"https://www.linkedin.com/sales/lead/ACwAAAD_r7UBiCrT549LbxtggKVX5Cqq_MLMli4,NAME_SEARCH,uNCu",2023-06-12T18:01:53.764Z,https://dms.licdn.com/playlist/vid/D4D05AQG2GOlnB-NN6w/mp4-640p-30fp-crf28/0/1686455548832?e=1687201200&v=beta&t=odyaTJ7d5LYHMRNCRV_RErPsgMUS3v9NP7n0yx-xywU,,,https://www.linkedin.com/in/aamirahsankhan,24,
https://www.linkedin.com/feed/update/urn:li:activity:7073051118812946432,Post,,Text,,We‚Äôre #hiring. Please share it with the interested?,0,0,2d,"https://www.linkedin.com/sales/lead/ACwAAAD_r7UBiCrT549LbxtggKVX5Cqq_MLMli4,NAME_SEARCH,uNCu",2023-06-12T18:01:53.764Z,,,,,,https://www.linkedin.com/jobs/view/3632619950/
https://www.linkedin.com/feed/update/urn:li:activity:7072750673221603328,Ziad Khan reposted this,,Video (LinkedIn Source),https://media.licdn.com/dms/image/D5605AQElyvqmeyWx6Q/videocover-high/0/1686275164772?e=1687201200&v=beta&t=g97HMmu2i7FdjJeRpq90ZIPs2tV6Ts9uZHj0rYuGCyQ,"""I said when I went in 2014, if there was a documentary that got mass showing in the US of the reality of life in Palestine, I have enough confidence in the decency of the people of the US that they would be outraged.""  Where is the outrage from the People of the US‚Ä¶ Academic & organizer Ajamu Baraka on his time in Palestine.Source: MintPressAs long as this continues to happen in Palestine it could happen anywhere else in the world‚Ä¶ It‚Äôs time to stand up and speak up for Palestineüáµüá∏üáµüá∏üáµüá∏Break the Fear Barrier & Speak Up For PalestineSaying The Palestinian Issue is ‚Äú Complex‚Äù Is No Excuse For Not Speaking Up Against Israeli Crimes..#nakba  #Palestine #Palestinians #Displacement #Refugees #Occupation #IsraeliOccupation #Nakba #Nakba75 #Israel #palestine  #endtheoccupation #occupiedterritories #breakingthesilence#freepalestine #humanrights #humanrightsviolations #crimesagainsthumanity #supremacy #refugees #racism #ethnic #occupation #colonialism #apartheidisrael #israel #lovegod #faith #islam #chritianity #judaism #zionism #middleeast #freedom #usa #america #military #doublestandards #anticorruption #humanrightsdefenders #unitednations #internationallaw #amnestyinternational #amnesty #childreninneed #childrensrights #humanity #inequality #apartheid #impunity  #idf #terrorism #terror #stopviolences #stopchildabuse #stopbombingcivilians #stophate #stopthepressure #civilians #gaza #palestinians #westbank #jerusalem #humanityfirst #humanitymatters #gazaunderattack",53,1,3d,"https://www.linkedin.com/sales/lead/ACwAAAD_r7UBiCrT549LbxtggKVX5Cqq_MLMli4,NAME_SEARCH,uNCu",2023-06-12T18:01:53.764Z,https://dms.licdn.com/playlist/vid/D5605AQElyvqmeyWx6Q/mp4-720p-30fp-crf28/0/1686275168478?e=1687201200&v=beta&t=569FJpEKOPX-Dk82VWh7ry11iti3yYVE5ogL4-25pjw,,,https://www.linkedin.com/in/lisatwam,19,
https://www.linkedin.com/feed/update/urn:li:activity:7074042009442779136,Post,,Image,https://media.licdn.com/dms/image/D5622AQGch25xSxbqoQ/feedshare-shrink_2048_1536/0/1686583042986?e=1689206400&v=beta&t=wsBTb9WKmbLrgsrXT-ts2LHBPcF7racRlCQNez8i1kk,,0,0,2h,"https://www.linkedin.com/sales/lead/ACwAAACEfjwBmkSdS4r2L8-WgNRsjP7XzROFcqQ,NAME_SEARCH,RnbB",2023-06-12T18:02:11.108Z,,,,,,
https://www.linkedin.com/feed/update/urn:li:activity:7073996123710918657,David Heller reposted this,,Image,https://media.licdn.com/dms/image/D5622AQGeY-9rY3obsA/feedshare-shrink_2048_1536/0/1686572103067?e=1689206400&v=beta&t=2pu_9PTDo9t1oMSJN2l30NyDjY9-UQs4BcHLiy27y0c,,3,0,5h,"https://www.linkedin.com/sales/lead/ACwAAACEfjwBmkSdS4r2L8-WgNRsjP7XzROFcqQ,NAME_SEARCH,RnbB",2023-06-12T18:02:11.108Z,,,,https://www.linkedin.com/in/david-heller-b10aa82,1,
https://www.linkedin.com/feed/update/urn:li:activity:7072973268680404993,Post,,Image,https://media.licdn.com/dms/image/D5622AQEK69HfSObkYA/feedshare-shrink_2048_1536/0/1686328235318?e=1689206400&v=beta&t=sVejlfESkw_SpsIFTFwcAjca3wk0P5-Yf0lnRA9905M,,3,0,3d,"https://www.linkedin.com/sales/lead/ACwAAACEfjwBmkSdS4r2L8-WgNRsjP7XzROFcqQ,NAME_SEARCH,RnbB",2023-06-12T18:02:11.108Z,,,,,,
https://www.linkedin.com/feed/update/urn:li:activity:7072949219577266176,Post,,Image,https://media.licdn.com/dms/image/D5622AQH_7u3HNkY2Hw/feedshare-shrink_2048_1536/0/1686311063016?e=1689206400&v=beta&t=TQx-CCOa_TLR4etLhX8Acj1rRtNqWZiXvAMMUFHo8sk,,0,0,3d,"https://www.linkedin.com/sales/lead/ACwAAACEfjwBmkSdS4r2L8-WgNRsjP7XzROFcqQ,NAME_SEARCH,RnbB",2023-06-12T18:02:11.109Z,,,,https://www.linkedin.com/in/david-heller-b10aa82,,
https://www.linkedin.com/feed/update/urn:li:activity:7073044649845628928,Nick Bradley reposted this,,Image,https://media.licdn.com/dms/image/D4E22AQHtzja0QkDplg/feedshare-shrink_800/0/1686345254648?e=1689206400&v=beta&t=ImOvv8w_XK_3kCSMXWgK3syOdaievx3c7IvudOnYk20,"Yesterday, together with Bishopsgate Corporate Finance (James McBain Allan, Edward Wesson and Morgan Atherton) and Santander (Andrew Bowman), Buckles Solicitors LLP (Katy Poole) hosted our first Entrepreneurs' Dinner at the Haycock Manor Hotel.Attendees had an insightful evening networking with peers over a three-course meal and listening to guest speakers, Matt McLoughlin and Nick Bradley talk about the growth-related challenges that businesses face.Lots of food for thought and reminders of the depth and quality of the business environment that we all have the privilege to work in across the region.A huge thank you to everyone who came.",48,2,2d,"https://www.linkedin.com/sales/lead/ACwAAAB8vIIBJcaFcMNk3hSmXt0Dq2TRLfePoWA,NAME_SEARCH,7RjS",2023-06-12T18:02:29.927Z,,,,https://www.linkedin.com/in/alastairgunn,1,
https://www.linkedin.com/feed/update/urn:li:activity:7072747744825630720,Post,,Image,https://media.licdn.com/dms/image/D4E22AQE0B-BpImw15w/feedshare-shrink_800/0/1686235527015?e=1689206400&v=beta&t=Hk07BtC74t4khN2oRKVNjNw_DdQkSn-eC0j1BRtUq54,"I am excited for you to experience ScaleX Summit, which will be the scaling event of the year! I'll be speaking at this event, and I hope to see you there.More details here: https://lnkd.in/exefn6Yp",4,0,3d,"https://www.linkedin.com/sales/lead/ACwAAAB8vIIBJcaFcMNk3hSmXt0Dq2TRLfePoWA,NAME_SEARCH,7RjS",2023-06-12T18:02:29.928Z,,https://www.linkedin.com/company/simplescaling/,,,,
https://www.linkedin.com/feed/update/urn:li:activity:7072434661284540417,Post,,Video (LinkedIn Source),https://media.licdn.com/dms/image/D4E10AQFWM_Ee9Uno2A/videocover-high/0/1686199515321?e=1687201200&v=beta&t=v9jVY4n85XxCVkCKMdsq81oAECfPc8Cl07_hl2-ZYpE,"""Scaling is the art of making sure you are no longer the thing holding up your business's growth. It's the act of stepping out and putting into place processes that make your business thrive and breathe without you.""In the third part of this mini-series on Breaking Through Business Growth, we focus on expanding value, and why it might be the most crucial part of your business exit strategy.KEY TAKEAWAYSüóù Most people think that they start a business and then exit a business, without really ever considering the crucial ""expansion"" phase that can dynamically increase the exit numbers beyond your initial expectations.üóù Value expansion is sometimes referred to as the buy-and-build approach, because it encompasses the ways in which you bring companies together to create a group.üóù When you bring in strategic partners, it's all about making sure that you've created a platform that can scale more assertively through strategic levers.LISTEN TO THE FULL EPISODE today by looking up ""Scale Up With Nick Bradley"" on your favorite podcast platform. And while you're there, click SUBSCRIBE, so you can be updated with the latest information.#startup #scaleup #businessgrowth",3,1,4d,"https://www.linkedin.com/sales/lead/ACwAAAB8vIIBJcaFcMNk3hSmXt0Dq2TRLfePoWA,NAME_SEARCH,7RjS",2023-06-12T18:02:29.928Z,https://dms.licdn.com/playlist/vid/D4E10AQFWM_Ee9Uno2A/mp4-720p-30fp-crf28/0/1686199518735?e=1687201200&v=beta&t=uX2-nqSsZQu6VCX9BeJEW6nHuxT37uMMMUiesyA57aQ,,,,,
https://www.linkedin.com/feed/update/urn:li:activity:7071710665656160256,Post,,Image,https://media.licdn.com/dms/image/D4E10AQE9DNVTnp1Z9w/image-shrink_800/0/1686027183244?e=1687201200&v=beta&t=ZGcrd5mdl_nFWTbZLTx5MFlHGqFUzS9nuiyZcJ9cFqU,"üåü The Exit Strategy Playbook üåü Last week on SCALE UP, Adam Coffey joined me to talk about how the world of private equity works, and how you can position your business to have a successful exit. Adam Coffey is the founding partner of CEO Advisory Guru, LLC. Best-selling author of The Private Equity Playbook and The Exit-Strategy Playbook. KEY TAKEAWAYS:üîë Many business owners use a magic hockey stick approach to valuation, indicating that upon their exit, the company will somehow produce record-beating results never seen before. The best way to demonstrate any success is to actually test the water.üîë  With 80% of all deals going to private equity, it's more important than ever that we understand how that universe works, in order to maximise our own potential.üîë Business owners focus their entire energies on building their company. That same level of dedication is needed when it comes time to exit.üîë Private equity firms rely on investment bankers to sell their companies, managing competitive tension and the entire process. These bankers possess exclusive insights unknown to the general public.You know the drill, look up SCALE UP WITH NICK BRADLEY on your favorite podcast platform today to listen to our full conversation!#privateequity #businessscale #scalingabusiness",8,5,6d,"https://www.linkedin.com/sales/lead/ACwAAAB8vIIBJcaFcMNk3hSmXt0Dq2TRLfePoWA,NAME_SEARCH,7RjS",2023-06-12T18:02:29.929Z,,,,,,
https://www.linkedin.com/feed/update/urn:li:activity:7069991656615211008,Post,,Video (LinkedIn Source),https://media.licdn.com/dms/image/D4E10AQG8CQHE9OuxuA/videocover-high/0/1685617324605?e=1687201200&v=beta&t=T5B0GsdF5ScxRQksE4pSbK29lyScRFnJn36keZc7rnc,"When you're stuck in ego and fear, you constrict everything around you. Lean into that fear and be yourself. Watch what will happen. Apply to work with us today at https://lnkd.in/ezffYarE #fear #ego #business #constrict #genuine #opportunities #networks #theexitguy",5,0,1w,"https://www.linkedin.com/sales/lead/ACwAAAB8vIIBJcaFcMNk3hSmXt0Dq2TRLfePoWA,NAME_SEARCH,7RjS",2023-06-12T18:02:29.929Z,https://dms.licdn.com/playlist/vid/D4E10AQG8CQHE9OuxuA/mp4-720p-30fp-crf28/0/1685617339510?e=1687201200&v=beta&t=BIMR1eoiw5U8cJqFMPdxLh40u-jYRg_jlKgZQQdSdSg,,,,,
https://www.linkedin.com/feed/update/urn:li:activity:7073861026819043328,Post,https://www.linkedin.com/pulse/exploring-zaras-metaverse-fashion-bridging-reality-digital-hu-kenneth?trackingId=%2FPfEF4FDPzGUF2KuFbB3%2FQ%3D%3D,Article,https://media.licdn.com/dms/image/D5612AQEfiH0IVIjX2g/article-cover_image-shrink_423_752/0/1686538646300?e=1692230400&v=beta&t=A1KY5DYouHcCXU2aiTYFEU-J0kmBm1tauY-hJRzw-3Q,Zara is a world üåç leading fashion brand.MGalaxyworld - A Magical Digital Utopia. The ONLY metaverse that cares! 22 Super Smart Cities for scaling brands like Zara. #metaverse #fashionbrand,8,0,14h,"https://www.linkedin.com/sales/lead/ACwAAC2LtSoBy5KdJH_uGcr_V0MDPXcJK-oWh7g,NAME_SEARCH,drfe",2023-06-12T18:02:49.952Z,,,,,,
https://www.linkedin.com/feed/update/urn:li:activity:7073851162306756608,Post,https://www.linkedin.com/pulse/unlocking-power-value-chain-analysis-sustainability-success-bushnell?trackingId=VfV9GH%2BaM9tN30oKJmLJIA%3D%3D,Article,https://media.licdn.com/dms/image/D5612AQFGvHI5-UfYIA/article-cover_image-shrink_600_2000/0/1686462893540?e=1692230400&v=beta&t=fUa5L76UOMc-zAtc4nzJ9V1FNw8cmH1U77AZdFaUSIk,How important is sustainability & ESG to slow global warming?What is a value chain?MGalaxyworld - A Magical Digital Utopia. The ONLY metaverse that cares!Sustainable Super Smart Cities - Digital Twins & Biourbanism combined to tether from metaverse to real world üåé to help provide real world solutions for the environment. #sustainabilityreporting #sustainability #esggoals #esgreporting #valuechains #valuechain #metaverse #environment #globalwarming #sustainablesmartcities #smartnation #digitalassets #circulareconomy #hydrogenenergy #hydrogeneconomy #greencoin #greeneconomy #greenenergy #greenmobility #mgalaxyworld #marketplac3 #nftcommunity #nftmarketplace #nftdrop #memecoin #memecoins,6,0,15h,"https://www.linkedin.com/sales/lead/ACwAAC2LtSoBy5KdJH_uGcr_V0MDPXcJK-oWh7g,NAME_SEARCH,drfe",2023-06-12T18:02:49.952Z,,,,,1,
https://www.linkedin.com/feed/update/urn:li:activity:7073788713612308480,Post,https://aeon.co/essays/why-arent-children-protected-from-their-parents-monetising-them,Article,https://media.licdn.com/dms/image/sync/D4E27AQEVxPRrfL_WgQ/articleshare-shrink_800/0/1685433638851?e=1687201200&v=beta&t=cGhZsXgk9GXhoqd1DrdbAdCqKkBVTQatTAyg5nxq53A,Agree children need protecting from this exploitation.Web3Women supports this abolish child exploitation and sex trafficking.#web3women #womenempoweringwomen #womenempowerment #protectkids #protectchildren #mgalaxyworld #web3women #women #childtraffickingstop,2,0,19h,"https://www.linkedin.com/sales/lead/ACwAAC2LtSoBy5KdJH_uGcr_V0MDPXcJK-oWh7g,NAME_SEARCH,drfe",2023-06-12T18:02:49.952Z,,,,,,
https://www.linkedin.com/feed/update/urn:li:activity:7073787409422815232,Post,,Image,https://media.licdn.com/dms/image/D5622AQH3go_WjsKfdg/feedshare-shrink_2048_1536/0/1686522341370?e=1689206400&v=beta&t=mLOxqlPq06sf8ED1hroOtyRVv0SoFbLxeCGTzbIIABI,Empowering women & Equality. How can women feel safer? How can women ensure they get paid as much as anyone else?Web3Women powered by MGW supports the best charities & foundations to support and empower women. W3W is launching a special edition of a limited number of unique art designed NFTs - Avatars to enable you to have your ‚Äúticket to ride‚Äù our 22 Super Smart Cities - MGalaxyworld - A Magical Digital Utopia. The ONLY metaverse that cares! Assured of outstanding capital gains as the first to 1000 NFTs Avatars go up in value with the first ones being the most valuable do not miss out. Expected to sellout in seconds if not minutes.#women #womenempoweringwomen #womenempowerment #web3 #web3women #mgalaxyworld #marketplac3 #web3community #web3marketing #web3gaming #memes #memesfunny,10,0,19h,"https://www.linkedin.com/sales/lead/ACwAAC2LtSoBy5KdJH_uGcr_V0MDPXcJK-oWh7g,NAME_SEARCH,drfe",2023-06-12T18:02:49.952Z,,,,,,
https://www.linkedin.com/feed/update/urn:li:activity:7073758153913335808,Post,https://www.linkedin.com/pulse/metaverse-ai-fashion-news-week-06112023-metaverse-fashion-council?trackingId=4qPzJ1PGoQUP1VgkezjY2Q%3D%3D,Article,https://media.licdn.com/dms/image/D5612AQGdjfGjz-PedQ/article-cover_image-shrink_423_752/0/1686497937851?e=1692230400&v=beta&t=KIYY28Eeky6Vw851-Q9IxoLhMTHkm3YnxuQpxVHEiH0,Fashion is the perfect fit for the metaverse. How is the metaverse and web3 -web 4 like to evolve and showcase Fashion? We envisage Fashion amongst most other industries embracing the metaverse as a new way of life essential to infiltrate people‚Äôs psyche globally. MGalaxyworld - A Magical Digital Utopia. The ONLY metaverse that cares! We have innovative angles or niches to build via NFT marketplace - marketplac3 with our NFT launch Web3Women & Bit Girls focusing on empowering women and equality. Our major brands for fashion with our world leading brand experts aim to deliver fashion in a way the world üåé has never seen before.#fashion #fashiontech #fashionbrand #fashionaccessories #fashionbusiness #fashionblogger #fashionrevolution #fashionindustry #fashiondesign #fashioninnovation #fashiondesigner #fashionstyle #fashionphotography #metaverse #metaverses #metaversenews #mgalaxyworld #web3women #bitgirls #memes #mgalaxayworld.club #marketplac3 #memecoin #memecoins #memes #memesdaily #mememarketing #memeoftheday #memestagram #mememonday #memepage #memesmarketing #memesfunny #memes2023 #memetoken #nfts #nftsales #avatar #avatars #supersmartcities #nyctech #paris2024 #parisfashionweek #london #milano #milan #milandesignweek #milanodesignweek #bigdata #bigtech #bigbrands #lvmh #louisvuitton #dior #cartier #bollywood #hollywood #moviestar,6,0,21h,"https://www.linkedin.com/sales/lead/ACwAAC2LtSoBy5KdJH_uGcr_V0MDPXcJK-oWh7g,NAME_SEARCH,drfe",2023-06-12T18:02:49.953Z,,,,,,
https://www.linkedin.com/feed/update/urn:li:activity:7072894829805936640,Post,,Image,https://media.licdn.com/dms/image/D4D22AQGaNkpGSwqAiQ/feedshare-shrink_800/0/1686309534291?e=1689206400&v=beta&t=dBgGKWHtWK-y-z-Ub4KcxbtVTXlqZ_TkvhnKDqDL_w8,"üéâ April was a great month as we had new joiners and opened up for free sign-ups. But May has been truly amazing. I feel super grateful and excited to share these updates from Flowla :üíô This month we doubled our MRR since March and saw an 8x increase in sign-ups compared to April. üëä The majority of our new users are active, creating and sharing  flows every week.üíô We had our first ""major"" accounts with multiple seats signing up with no hand-holding required and expanding in those accounts.üôè AND TO ME THAT'S THE MOST REWARDING!  To see happy users inviting others to join, and decision makers willing to invest - is the biggest validation!üíô Had so many people telling me they see Flowla all over LinkedIn and I even started randomly running into new users at events - from zero awareness 9 months ago to bumping into users physically üíôüôè Some in my network who were initially hesitant about Flowla are now scheduling meetings with their decision makers to explore how we can improve the buyer experience.üéâ IT'S HARD BUT I'M GREATFUL!I'll be honest, the journey is sometimes tiring BUT looking back, I'm grateful it's paying off.BECAUSE IN LIFE SOMETIMES NO MATTER WHAT YOU DO IT MAY NOT PAY OFF! I've learnt it through experience and observation.üéâ Success is not guaranteed. But what else do we have other than pushing hard to achieve our goals? So all those pushing hard, here's my two cents: Let's keep pushing üí™And my final word of gratitude is to my wonderful team for punching beyond our weight and making it seem so effortless! Kudos to you  Ruslan Ksalov Emmanuel Akhigbe Metehan U√ßan Erdem Gelal ƒ∞pek Ayhan Umut Can Durak Dilara Ba≈üaran Oguz Gelal p.s. it's always cocktail'o clock - no judgments :) üç∏#gratitude #startuplife #startups #founderjourney",110,38,3d,"https://www.linkedin.com/sales/lead/ACwAAALts24B3kD0H--YJ1E01J8Fzdfc14fuAQI,NAME_SEARCH,Dr7b",2023-06-12T18:03:09.306Z,,,,,,
https://www.linkedin.com/feed/update/urn:li:activity:7071790151873572864,Post,,Image,https://media.licdn.com/dms/image/D4D22AQFboLBFXp0D8Q/feedshare-shrink_800/0/1685990173661?e=1689206400&v=beta&t=ytKYVFxB6I_lWdef61P1EL89oNh-qC6GijG7toA0npA,"üñçÔ∏è When everything else fails, all you need is a whiteboard and some good old Harvey Balls üëâ how do you stay productive and sane amidst all the noise? Here are some of my tips, let's hear yours üëá‚ö†Ô∏è DISCLAIMER: I DON'T OWN THE NAME RIGHTS ON ""MEGA PROJECT""  :) - AND YES I HATE ADMIN! üî¥ now for those tips:1Ô∏è‚É£ Embrace the soothing power of the whiteboard:Ever since I was a child, I've discovered that writing tasks, ideas, and even talking to myself or teaching a friend using a whiteboard makes everything click better.  ü§©‚úçÔ∏è2Ô∏è‚É£ Enter Harvey Balls ‚óë my secret weapon since my consultant days: Mere ticks just don't cut it for me. I crave a sense of progress and urgency. That's where these nifty quartered circles called Harvey Balls come in. They visually represent completion levels and keep me motivated like nothing else. Think of them as the superheroes of task tracking! üí™‚è∞3Ô∏è‚É£ Less is more: With my hectic schedule filled with back-to-back calls and meetings, I've learned the hard way that focusing on just two main tasks per day is the way to go. Once 5 pm rolls around, it's my time for ""deep work."" Trust me, quality trumps quantity any day! üéØüïîüëá What are your tips to stay productive and sane? üòâP.s. long walks before and after the working hours helps üö∂‚Äç‚ôÄÔ∏èP.s.2. short walks between meetings help too :) üèÉ‚Äç‚ôÄÔ∏è#lessismore  #productivityhack  #worksmarternotharder   #productivity #salesenablement",34,10,6d,"https://www.linkedin.com/sales/lead/ACwAAALts24B3kD0H--YJ1E01J8Fzdfc14fuAQI,NAME_SEARCH,Dr7b",2023-06-12T18:03:09.306Z,,,,,,
https://www.linkedin.com/feed/update/urn:li:activity:7069984612868923393,Post,,Document,,üéâ Struggling with pipeline? Here's a simple guide to accelerate new client acquisition with insights¬†üëâ Follow this 5-step  guide to ditch mass spray & pray and opt for a better approachüëáLet me know in comments what tools or methods work for you to generate demand and boost your pipeline.#outreach¬†#salesdevelopment ¬†#prospecting ¬†#sdrs ¬†#coldoutreach ¬†#accountbasedselling,50,4,1w,"https://www.linkedin.com/sales/lead/ACwAAALts24B3kD0H--YJ1E01J8Fzdfc14fuAQI,NAME_SEARCH,Dr7b",2023-06-12T18:03:09.306Z,,,,,2,
https://www.linkedin.com/feed/update/urn:li:activity:7069242388191297537,Post,,Video (LinkedIn Source),https://media.licdn.com/dms/image/D4D05AQHHQqwIih6UeQ/feedshare-thumbnail_720_1280/0/1685438687004?e=1687201200&v=beta&t=OZGrR_kBLEQiRcv_jt2ypUORpQNbIf7JtoVvGESiJZM,"üéâ Here I am trying ""hard"" to engage the audience and get some reaction out of them üëâ basically the lives of many SDRs & AEs these days inc. my own team... but do we recognize each other enough?üëâ Last week I had the opportunity to present to a room of sales professionals on the topic of: ""what do buyers want"" at timberseed 's timbertalks üé§ HUGE thanks to our hosts and the audience for being super interested in the topic during and afterwards!I WANT TO POINT OUT TO SOMETHING ELSE TODAY THOUGHüëâ On the video you see me trying to engage the audience, and see if my topic resonates.ü§Ø Toughest job, trying to build a relation with strangers, often at the cost of being ignored or ghosted!RECOGNIZE AND CELEBRATEüéâ Reflecting on this video I think about the psychological impact üëâ Although we often say it's part of the job, we know we're ONLY HUMAN! And being ignored hurts like exclusion or physical pain!üëä So as sales professionals, let's always remember to encourage each other. RECOGNIZE AND CELEBRATE the hard work!I'LL GO FIRST1Ô∏è‚É£ I'll go first by thanking my team for always pushing to evangelize Flowla 's message and doing their best to build relations without being annoying. üëä Well done ƒ∞pek Ayhan Umut Can DurakJOIN ME & TAG SOMEONE you know who's doing their absolute best to get some reaction from their audience today, give them some courage and celebrate their effort. üëäWe're all in this game together üòâ #buyerenablement #sdrs #accountexecutives #sales p.s. the event was a huge success - shout out to our hosts and my fellow speakersp.s.2 I had very positive reactions to the presentation apparently many people care about ""what do buyers want""! so a carousel will follow shortly on this topic.",72,14,1w,"https://www.linkedin.com/sales/lead/ACwAAALts24B3kD0H--YJ1E01J8Fzdfc14fuAQI,NAME_SEARCH,Dr7b",2023-06-12T18:03:09.307Z,https://dms.licdn.com/playlist/vid/D4D05AQHHQqwIih6UeQ/mp4-720p-30fp-crf28/0/1685438701756?e=1687201200&v=beta&t=mNB2Z9Cfc8YTgT7HCbw5b3GdvFo5vU7FEGBr0ylA4Tg,,,,,
https://www.linkedin.com/feed/update/urn:li:activity:7067439416469823488,Post,,Document,,Here's a simple guide to help you boost your post-demo conversions in these challenging times üëâ I get asked about how we approach following up with prospects after demoing Flowla. Hope this helps with your closing too üëá Let me know in comments what tools or methods work for you to move deals from opportunity to closed win üëä  #closingdeals ¬†#closingsales ¬†#buyerenablement ¬†#accountexecutives ¬†#saleseffectiveness #salesleaders,52,11,2w,"https://www.linkedin.com/sales/lead/ACwAAALts24B3kD0H--YJ1E01J8Fzdfc14fuAQI,NAME_SEARCH,Dr7b",2023-06-12T18:03:09.307Z,,,,,1,
https://www.linkedin.com/feed/update/urn:li:activity:7070036384333398016,Jeffery Potvin (JP) reposted this,,Image,https://media.licdn.com/dms/image/D5622AQFgtT5Ano1jYA/feedshare-shrink_800/0/1685628027583?e=1689206400&v=beta&t=yWQm15H8UeGGeiDrK8WV9IuVsu5D7XruOPjsZfRH-bc,We're looking for someone who shares our enthusiasm and is ready to jump in and make a difference. Join the team. We're hiring!,7,1,1w,"https://www.linkedin.com/sales/lead/ACwAAACKt4gB9jTAmTB-xAKt7n7yuA-TpNTj-bU,NAME_SEARCH,ErF1",2023-06-12T18:03:27.699Z,,https://www.linkedin.com/company/hardboot-communications-inc-/,,,2,
https://www.linkedin.com/feed/update/urn:li:activity:7072206418891735040,Post,,Image,https://media.licdn.com/dms/image/D5610AQFRlBSRtuniKA/image-shrink_800/0/1686063667557?e=1687201200&v=beta&t=2E0EvqIzZRuNPjQ_RQi1K5GpFekXUU6GDXk7S6cDkTo,Save the date for¬†OPN's #PitchitE2E¬†happening tomorrow at 2pm est. Watch for the 10 amazing founders to deliver their best 2-minute pitch to the OPN¬†#startup¬†community!  Grab your spot now!,5,0,5d,"https://www.linkedin.com/sales/lead/ACwAAACKt4gB9jTAmTB-xAKt7n7yuA-TpNTj-bU,NAME_SEARCH,ErF1",2023-06-12T18:03:27.699Z,,https://www.linkedin.com/company/openpeoplenetwork/,,,,
https://www.linkedin.com/feed/update/urn:li:activity:7071479164062629888,Post,,Image,https://media.licdn.com/dms/image/D5622AQHOVXo1iRdPjg/feedshare-shrink_800/0/1685972013264?e=1689206400&v=beta&t=RrKTYkTpprR2usq4zZBb7HmArCm4dNdlY11aIlwvtCs,"Ô∏èüëâ Did you ever wonder how companies can scale their operations faster? A little AI can always help, especially since hiring has become so expensive and risky. Ô∏è‚òùÔ∏è The biggest issue, of course, is figuring out how to use AI. It's not a one-size-fits-all solution. Sometimes, you need to tailor it.Microsoft's Greg Wilson recently announced something huge from the company. GPT-4 is now available in Azure OpenAI's Service. This will allow companies to create their own applications with a GPT-4 base. Scaling major endeavors may become easier as a result. After all, AI can do the work that was once relegated exclusively to people. I love hearing news like this, simply because it shows how creative company scaling can become. At Hardboot Inc. | Staffing & Resourcing, our company vision is simple: to help businesses hire the best ReactJs, Front-end, and AI developers (and virtual assistant superheroes) without spending their life savings. Ô∏è‚ùìWhat can we as a community do to make AI tailoring more accessible to startups?I want to hear your two cents. Do you think AI could act as a viable solution for most scaling problems? Tell me in the comments below.Ketan Joshi, CSPO¬Æ Rohit Sethi Bernard Breton¬†Juan F. Ben Grande Troy MacVay #hardboot #startups #chatgpt",6,1,1w,"https://www.linkedin.com/sales/lead/ACwAAACKt4gB9jTAmTB-xAKt7n7yuA-TpNTj-bU,NAME_SEARCH,ErF1",2023-06-12T18:03:27.700Z,,,,,1,
https://www.linkedin.com/feed/update/urn:li:activity:7069363262970089472,Jeffery Potvin (JP) reposted this,,Image,https://media.licdn.com/dms/image/D5622AQH0aMV_Q4rT-g/feedshare-shrink_800/0/1685467543577?e=1689206400&v=beta&t=-x9hu_EpFH-LO0qiR86fxP-jJdKJKVIcF9MtVPl32yk,"üì£ Exciting Opportunity for a Machine Learning Engineer! Join our innovative team and shape the future of AI-driven solutions. üöÄAre you passionate about Machine Learning and ready to take on challenging projects? We're hiring a talented Machine Learning Engineer to join our dynamic team. Be at the forefront of revolutionizing AI-driven solutions! Develop cutting-edge ML models, collaborate with a talented team, and unleash your potential in a dynamic environment. Apply now and shape the future of AI! Please share with anyone that maybe interested! https://lnkd.in/g2ER3gYuJeffery Potvin (JP) Laura Lirette Open People Network (OPN)#hiring #opportunity #people #team #ai #machinelearning #engineer #ml",6,2,1w,"https://www.linkedin.com/sales/lead/ACwAAACKt4gB9jTAmTB-xAKt7n7yuA-TpNTj-bU,NAME_SEARCH,ErF1",2023-06-12T18:03:27.700Z,,https://www.linkedin.com/company/hardboot-communications-inc-/,,,4,
https://www.linkedin.com/feed/update/urn:li:activity:7067516339745128450,Jeffery Potvin (JP) reposted this,,Image,https://media.licdn.com/dms/image/D5622AQEApytQe2vRFA/feedshare-shrink_800/0/1685027201247?e=1689206400&v=beta&t=DeGgt45HoD8jal7Q1C8TeZzxXsqJutNUAB5L31-xIrY,"Attention all cybersecurity specialists! We're on the lookout for talented individuals to join our team. Are you passionate about protecting businesses from cyber threats? Do you have a knack for identifying vulnerabilities and implementing effective security measures? If so, we want to hear from you! Our company is dedicated to providing top-notch cybersecurity solutions to our clients, and we need experts like you to help us achieve that goal. Don't miss out on this exciting opportunity to make a real difference in the world of cybersecurity. Apply now, and let's work together to keep businesses safe from cyber-attacks! #cybersecurity #hiring #joinourteam",4,0,2w,"https://www.linkedin.com/sales/lead/ACwAAACKt4gB9jTAmTB-xAKt7n7yuA-TpNTj-bU,NAME_SEARCH,ErF1",2023-06-12T18:03:27.700Z,,https://www.linkedin.com/company/hardboot-communications-inc-/,,,5,
https://www.linkedin.com/feed/update/urn:li:activity:7072259558114516992,Matt Wampler reposted this,,Video (LinkedIn Source),https://media.licdn.com/dms/image/D4E05AQGj7CS2ArtpSw/videocover-low/0/1686157957858?e=1687201200&v=beta&t=l6O3l3h8OxmzklAKLJrz30bmz-Jcl7yQ10tu3ozeiTU,Happy birthday to our very own Osayanmo Osarenkhoe!! Catch our digital team shoutout from this morning!#founder #birthday #team,11,1,5d,"https://www.linkedin.com/sales/lead/ACwAAB5raB8B2VAlzlYSeOeQIJ-pIfZgwOHQc8A,NAME_SEARCH,_S39",2023-06-12T18:03:46.238Z,https://dms.licdn.com/playlist/vid/D4E05AQGj7CS2ArtpSw/mp4-720p-30fp-crf28/0/1686157962833?e=1687201200&v=beta&t=8o_FtAqLCulmtJEztqValw6Fx5hjdgSSPDL8AOtUzMI,https://www.linkedin.com/company/clearcogs/,,,1,
https://www.linkedin.com/feed/update/urn:li:activity:7072942482824519680,Post,,Image,https://media.licdn.com/dms/image/D5622AQGyNmbVDig9YQ/feedshare-shrink_800/0/1686316512858?e=1689206400&v=beta&t=pSM-FEa57S7Guk5UYfyag_ca584iLDCZh8YGbU_T_xw,"If you don't already, follow Pepper Lunch Restaurants!",6,1,3d,"https://www.linkedin.com/sales/lead/ACwAAB5raB8B2VAlzlYSeOeQIJ-pIfZgwOHQc8A,NAME_SEARCH,_S39",2023-06-12T18:03:46.238Z,,,,https://www.linkedin.com/in/jtroyhooper,,
https://www.linkedin.com/feed/update/urn:li:activity:7072550379296542720,Matt Wampler reposted this,,Image,https://media.licdn.com/dms/image/D4E22AQEmqjfdgayDyA/feedshare-shrink_800/0/1686227406778?e=1689206400&v=beta&t=iWMuz-vvu1RBxAUUTrjDdxPL7l74H59RlhA-tU0AWxU,Founder appreciation post: In honor of Osa and Matt's consecutive birthdays ü•≥It would be obvious to say we wouldn't be here without them. What might be less obvious is exactly how far we've come as a result of their leadership. It's not often that an organization is founded by two people who are incredibly fast-paced and visionary. They're always thinking on the edge of what is possible and striving to achieve that. What's even less common is that they consistently inspire their team to do the same.The amount that our team has accomplished in such a short time as well as the environment of collaboration and hard work are a testament to the culture these two have built by example. So share your birthday wishes for Matt Wampler  and Osayanmo Osarenkhoe  in the comments!#birthday #team #founder #startup,76,23,4d,"https://www.linkedin.com/sales/lead/ACwAAB5raB8B2VAlzlYSeOeQIJ-pIfZgwOHQc8A,NAME_SEARCH,_S39",2023-06-12T18:03:46.239Z,,https://www.linkedin.com/company/clearcogs/,,,1,
https://www.linkedin.com/feed/update/urn:li:activity:7072521141902290944,Post,https://youtu.be/is8mUM5J_l4,Video (External Source),,"Great commercial by Panera Bread. Love their donation program. Seriously, hats off for everything they are doing. Bottom line; Like so many other groups, they have an $80M a year bread problem.  Kudos for managing the waste stream. But, that‚Äôs ~$35k a year per location in bread alone... As an industry, it‚Äôs time to get real about prevention and not just focus on redistribution. Check out ReFED for resources and info. #sustainability #foodwaste #wastemanagement #prevention #circulareconomy ClearCOGS",23,9,4d,"https://www.linkedin.com/sales/lead/ACwAAB5raB8B2VAlzlYSeOeQIJ-pIfZgwOHQc8A,NAME_SEARCH,_S39",2023-06-12T18:03:46.239Z,,,,,6,
https://www.linkedin.com/feed/update/urn:li:activity:7072319156125122560,Matt Wampler reposted this,https://www.linkedin.com/pulse/recipe-save-thousands-derek-smith?trackingId=l8h7uqYqcRXweASheUeYtw%3D%3D,Article,https://media.licdn.com/dms/image/D5612AQEz_2R6W8FS0A/article-cover_image-shrink_600_2000/0/1686160088549?e=1692230400&v=beta&t=je4uaupHaUjBLxK9V0AmDJxwTfOS1Ay6q6xcINYcViQ,,10,5,4d,"https://www.linkedin.com/sales/lead/ACwAAB5raB8B2VAlzlYSeOeQIJ-pIfZgwOHQc8A,NAME_SEARCH,_S39",2023-06-12T18:03:46.239Z,,,,https://www.linkedin.com/in/derek-smith-095b8252,3,
https://www.linkedin.com/feed/update/urn:li:activity:7073963605674598401,Post,,Image,https://media.licdn.com/dms/image/D4E22AQFsZp2gy8-Olw/feedshare-shrink_800/0/1686564164316?e=1689206400&v=beta&t=eWxMKtIvpPoDRUzbgM6BIkEZJpeh5R8F8oUOgr2J6Fc,Very interesting analysis by Giuseppe Sette üí°,3,0,7h,"https://www.linkedin.com/sales/lead/ACwAAAKgnXIBL8oXD2qZOEtefOplyfVPtFVCDbA,NAME_SEARCH,Rjmp",2023-06-12T18:04:03.976Z,,,,https://www.linkedin.com/in/togglegs,,
https://www.linkedin.com/feed/update/urn:li:activity:7072946571721510912,Armenak Mayalian reposted this,https://www.linkedin.com/pulse/daily-brief-time-different-toggle-ai?trackingId=LX%2FLV%2B0RN95GiPcFtAA2Ug%3D%3D,Article,https://media.licdn.com/dms/image/D5612AQHqjcJYaQsUNQ/article-cover_image-shrink_423_752/0/1686321724151?e=1692230400&v=beta&t=RaDRNeEsEGdI0GCiOsHxVXGahbihVb8VoOvrerbQLmQ,One has to admit this does not look like much of a bear market anymore - but shorts have not capitulated yet. #bearmarket,7,0,3d,"https://www.linkedin.com/sales/lead/ACwAAAKgnXIBL8oXD2qZOEtefOplyfVPtFVCDbA,NAME_SEARCH,Rjmp",2023-06-12T18:04:03.976Z,,https://www.linkedin.com/company/toggle-ai/,,,2,
https://www.linkedin.com/feed/update/urn:li:activity:7072477759016460288,Armenak Mayalian reposted this,,Image,https://media.licdn.com/dms/image/D4E22AQEgOt3SACrh1Q/feedshare-shrink_2048_1536/0/1686210096357?e=1689206400&v=beta&t=T4rkgxaGEIyQ6x9OfRhMDOgKaec2yw9n-JnadFZaHpE,"Are we living in a sci-fi movie?General AI, nuclear fusion, brain implants, and now aliens. How did things become so interesting so quickly...For sci-fi fans, let‚Äôs just hope the future is like the Culture and not like Revelation Space. For the rest of us greedy traders, that means something more prosaic.Allegedly we have UFO remains and signs of non-human intelligence. You know where that leads? No, forget the philosophical implications. We‚Äôre talking about the bull market in space stocks.Aerospace stocks like Virgin Galactic [SPCE], Lockheed [LMT], Boeing [BA], and Rocket Labs [RKLB] provide exposure to the theme - and so do ETFs like [ITA], [XAR], [ROKT], and last but certainly not least [UFO].SPCE = https://lnkd.in/efjZ6J-xLMT = https://lnkd.in/es6ydsgsBA = https://lnkd.in/e8K7r2cxRKLB = https://lnkd.in/eHGHC5tDITA = https://lnkd.in/eQ5k8Qsx XAR = https://lnkd.in/e3a6mYXYROKT = https://lnkd.in/eETMNBy9UFO = https://lnkd.in/e4ATd8qZ#ai #future #intelligence #boeing #generativeai #space",22,0,4d,"https://www.linkedin.com/sales/lead/ACwAAAKgnXIBL8oXD2qZOEtefOplyfVPtFVCDbA,NAME_SEARCH,Rjmp",2023-06-12T18:04:03.976Z,,,,https://www.linkedin.com/in/togglegs,11,
https://www.linkedin.com/feed/update/urn:li:activity:7072217520006426624,Post,,Text,,"J.P. Morgan Chase is making moves in AI with their upcoming software service called IndexGPT.This innovative technology will assist in selecting financial securities for customers, definitely an exciting development that showcases their commitment to leveraging artificial intelligence in the investment world.#ai #artificialintelligence #investment #jpmorgan",17,1,5d,"https://www.linkedin.com/sales/lead/ACwAAAKgnXIBL8oXD2qZOEtefOplyfVPtFVCDbA,NAME_SEARCH,Rjmp",2023-06-12T18:04:03.976Z,,,,,1,
https://www.linkedin.com/feed/update/urn:li:activity:7071901911871881216,Armenak Mayalian reposted this,https://www.cnbc.com/2023/06/06/a-harvard-econ-phd-whiz-teaching-generative-ai-to-invest-for-everyone.html?&qsearchterm=toggle%20ai,Article,https://media.licdn.com/dms/image/sync/D4E27AQEUnH6NZYGgJw/articleshare-shrink_800/0/1686377794001?e=1687201200&v=beta&t=oUv5OjQEEN1nFbwNl65zehsKlPPbPgkQPiYBeHqJs5U,"Thanks for the feature, CNBC! üöÄRead on for the full interview with our very own, Jan Szilagyi, and learn how TOGGLE AI is revolutionizing investing with #generativeAI.https://lnkd.in/g5zfRMFC #LLMs #largelanguagemodels #AIforinvesting #chatgptforinvesting #financialadvisors #ToggleAI",52,1,6d,"https://www.linkedin.com/sales/lead/ACwAAAKgnXIBL8oXD2qZOEtefOplyfVPtFVCDbA,NAME_SEARCH,Rjmp",2023-06-12T18:04:03.976Z,,https://www.linkedin.com/company/toggle-ai/,,,22,
https://www.linkedin.com/feed/update/urn:li:activity:7064626916284063746,Boris Kreiman reposted this,,Image,https://media.licdn.com/dms/image/D4E22AQHRfHWfbw88Cw/feedshare-shrink_800/0/1684338310319?e=1689206400&v=beta&t=WAgi5g0s6CbGz4MMV1WNVmhKRg2-UgmmkhIa6H7uPp4,"The 10 Algorithms That Dominate Our World. . The diagram below shows the most commonly used algorithms in our daily lives. They are used in internet search engines, social networks, WiFi, cell phones, and even satellites.  1. Sorting 2. Fourier Transform and Fast Fourier Transform 3. Dijkstra‚Äôs algorithm 4. RSA algorithm 5. Secure Hash Algorithm 6. Integer factorization 7. Link Analysis 8. Proportional Integral Derivative Algorithm 9. Data compression algorithms 10. Random Number Generation  üëâOver to you: Any other commonly used algorithms?  -- Subscribe to our weekly newsletter to get a Free System Design PDF (158 pages): https://bit.ly/42Ex9oZ  #systemdesign #coding #interviewtips .",3637,39,3w,"https://www.linkedin.com/sales/lead/ACwAAAC2KVkBLNv7gXx2jWh3f1KOpegbXnMfbg4,NAME_SEARCH,0ykn",2023-06-12T18:05:08.902Z,,,,https://www.linkedin.com/in/alexxubyte,304,
https://www.linkedin.com/feed/update/urn:li:activity:7037100515071033345,Boris Kreiman reposted this,,Image,https://media.licdn.com/dms/image/C4E22AQF7dIWLRttQFw/feedshare-shrink_800/0/1677775505709?e=1689206400&v=beta&t=8nyrw94Afic6D42BmBEOkJbGTjbYIj-caqq_n2CYflM,"What distinguishes MVC, MVP, MVVM, MVVM-C, and VIPER architecture patterns from each other?  These architecture patterns are among the most commonly used in app development, whether on iOS or Android platforms. Developers have introduced them to overcome the limitations of earlier patterns. So, how do they differ?  üîπ MVC, the oldest pattern, dates back almost 50 years üîπ Every pattern has a ""view"" (V) responsible for displaying content and receiving user input üîπ Most patterns include a ""model"" (M) to manage business data üîπ ""Controller,"" ""presenter,"" and ""view-model"" are translators that mediate between the view and the model (""entity"" in the VIPER pattern) üîπ These translators can be quite complex to write, so various patterns have been proposed to make them more maintainable  Over to you: keep in mind that this is not an exhaustive list of architecture patterns. Other notable patterns include Flux and Redux. How do they compare to the ones mentioned here?  ‚Äî Subscribe to our weekly newsletter to get a Free System Design PDF (158 pages): https://bit.ly/3FEGliw  #systemdesign #coding #interviewtips .",8476,108,3mo,"https://www.linkedin.com/sales/lead/ACwAAAC2KVkBLNv7gXx2jWh3f1KOpegbXnMfbg4,NAME_SEARCH,0ykn",2023-06-12T18:05:08.902Z,,,,https://www.linkedin.com/in/alexxubyte,912,
https://www.linkedin.com/feed/update/urn:li:activity:7036776514272514048,Boris Kreiman reposted this,,Image,https://media.licdn.com/dms/image/C4E22AQECbCbRFCJJDg/feedshare-shrink_2048_1536/0/1677698256369?e=1689206400&v=beta&t=tz0v4Vw2G-tBiSb2MAsvkQsYlyp5eGBRB0hUplu74U4,"üëâ The architecture of #Metaverse blends the ternary Physical, Human, and Digital worlds.‚û° Metaverse is a self-sustaining, hyper spatiotemporal, and 3D immersive virtual shared space, created by the convergence of physically persistent virtual space and virtually enhanced physical reality. In other words, the Metaverse is a synthesized world which is composed of user-controlled avatars, digital things, virtual environments and other computer-generated elements, where humans (represented by avatars) can use their virtual identity through any smart device to communicate, collaborate, and socialize with each other.üìå What the relationships between the three worlds, the components in the Metaverse and the information flow of the Metaverse in detail?1Ô∏è‚É£ HUMAN SOCIETY üëáThe Metaverse is regarded as Human-Centric. Human users along with their inner psychologies and social interactions constitute the human world. Equipped with smart wearable devices (e.g., VR/AR helmets), humans can interact and control their digital avatars to play, work, socialize, and interact with other avatars or virtual entities in the Metaverse via Human-Computer Interaction (HCI) and Extended Reality (XR) tech.2Ô∏è‚É£ PHISICAL INFRASTRUCTURES üëáThe physical world offers supporting infrastructures (including sensing/control, communication, computation, and storage infrastructures) to the Metaverse to support multi-sensory data perception, transmission, processing, and caching, as well as physical control, thereby enabling efficient interactions with both the digital and human worlds3Ô∏è‚É£ INTERCONNECTED VIRTUAL WORLDS üëáThe digital world can be composed of a series of interconnected distributed virtual worlds (i.e., sub-Metaverses), and each sub- Metaverse can offer certain kinds of virtual goods/services (e.g., gaming, social dating, online museum, and online concert) and virtual environments (e.g., game scenes and virtual cities) to users represented as digital avatars.4Ô∏è‚É£ METAVERSE ENGINE üëáThe Metaverse engine uses the #BigData from the real world as inputs to generate, maintain and update the virtual world via the interactivity, AI, digital twin, and blockchain technologies.5Ô∏è‚É£ IN-WORLD INFORMATION FLOW üëáThe human society or human world is interconnected by social networks and formed based on common activities and mutual interactions among human beings. In the physical world, the IoT-enabled sensing/control infrastructure plays an important role in digitizing/transforming the physical world via pervasive sensors and actuators, and the generated IoT big data is transmitted and processed via network and computation infrastructures.6Ô∏è‚É£ INFORMATION FLOW ACROSS WORLDS üëáThe subjective consciousness, the Internet, and the IoT are the main media among the three worlds.IEEE via Enrico Molinari #ChatGPT #marketing #finserv #fintech #govtech #ehealth #smartcities #insurtech",740,58,3mo,"https://www.linkedin.com/sales/lead/ACwAAAC2KVkBLNv7gXx2jWh3f1KOpegbXnMfbg4,NAME_SEARCH,0ykn",2023-06-12T18:05:08.902Z,,,,https://www.linkedin.com/in/enrico-molinari,159,
https://www.linkedin.com/feed/update/urn:li:activity:7036776895513776128,Post,http://electrictruck.com/,Article,,Looking for domain broker for ElectricTruck.com. #domainbroker #domains #domainsforsale. Someone who sold to #Elonmusk #Tesla @Tesla or Electric EV company.,24,4,3mo,"https://www.linkedin.com/sales/lead/ACwAAAC2KVkBLNv7gXx2jWh3f1KOpegbXnMfbg4,NAME_SEARCH,0ykn",2023-06-12T18:05:08.903Z,,,,,,
https://www.linkedin.com/feed/update/urn:li:activity:7033872678495125504,Post,,Image,https://media.licdn.com/dms/image/C4E22AQECClGE7xn40A/feedshare-shrink_800/0/1676997907051?e=1689206400&v=beta&t=zaUiF0A3xtmx4MP_mu_HC-80MmKY4C12WlDsTYOR-vs,Great chart,16,1,3mo,"https://www.linkedin.com/sales/lead/ACwAAAC2KVkBLNv7gXx2jWh3f1KOpegbXnMfbg4,NAME_SEARCH,0ykn",2023-06-12T18:05:08.903Z,,,,https://www.linkedin.com/in/alexxubyte,,